time,.estimateZeroPointPose.header.seq,.estimateZeroPointPose.header.stamp.secs,.estimateZeroPointPose.header.stamp.nsecs,.estimateZeroPointPose.header.frame_id,.estimateZeroPointPose.pose.position.x,.estimateZeroPointPose.pose.position.y,.estimateZeroPointPose.pose.position.z,.estimateZeroPointPose.pose.orientation.x,.estimateZeroPointPose.pose.orientation.y,.estimateZeroPointPose.pose.orientation.z,.estimateZeroPointPose.pose.orientation.w,.trueZeroPointPose.header.seq,.trueZeroPointPose.header.stamp.secs,.trueZeroPointPose.header.stamp.nsecs,.trueZeroPointPose.header.frame_id,.trueZeroPointPose.pose.position.x,.trueZeroPointPose.pose.position.y,.trueZeroPointPose.pose.position.z,.trueZeroPointPose.pose.orientation.x,.trueZeroPointPose.pose.orientation.y,.trueZeroPointPose.pose.orientation.z,.trueZeroPointPose.pose.orientation.w,.estimateOdomPose.header.seq,.estimateOdomPose.header.stamp.secs,.estimateOdomPose.header.stamp.nsecs,.estimateOdomPose.header.frame_id,.estimateOdomPose.pose.position.x,.estimateOdomPose.pose.position.y,.estimateOdomPose.pose.position.z,.estimateOdomPose.pose.orientation.x,.estimateOdomPose.pose.orientation.y,.estimateOdomPose.pose.orientation.z,.estimateOdomPose.pose.orientation.w,.trueOdomPose.header.seq,.trueOdomPose.header.stamp.secs,.trueOdomPose.header.stamp.nsecs,.trueOdomPose.header.frame_id,.trueOdomPose.pose.position.x,.trueOdomPose.pose.position.y,.trueOdomPose.pose.position.z,.trueOdomPose.pose.orientation.x,.trueOdomPose.pose.orientation.y,.trueOdomPose.pose.orientation.z,.trueOdomPose.pose.orientation.w
1970/01/01/03:03:17.569000,5043,197,548000000,camera_link_optical,-0.00248592346906662,-0.002402964513748884,3.9976813793182373,-4.697985227272529e-09,0.9999996726990293,-8.541351189717933e-06,-0.0008090295912665075,0,197,522000000,camera_link_optical,-0.0006449163789053216,-1.1303338931289986e-05,4.009829775295595,0.7070804342253844,0.00574032307421223,-0.0057402041988302635,0.7070865281437636,0,0,0,odom,-0.0004271404268615165,0.005144707373469741,0.2500167021025471,-7.688945268583629e-12,-1.7770801982804598e-12,-2.3288884750055133e-09,1.0,0,0,0,odom,-0.001977726929645076,0.009829301677650587,0.25000211773738934,-4.235378280337439e-06,3.369842417256465e-08,-0.007951774307485605,0.9999683841339303
1970/01/01/03:03:17.808000,5050,197,781000000,camera_link_optical,-0.004785073455423117,-0.002405265113338828,4.004737377166748,-1.741281239244906e-06,0.999861453791526,0.0002514953108089672,-0.01664361646315322,0,197,775000000,camera_link_optical,-0.002653505339308089,-5.531922318391391e-06,4.020864357158772,0.7069959077862813,0.012054288560012796,-0.012053949649784774,0.7070121518040581,0,0,0,odom,-0.0027262904132180133,0.012200705221980484,0.25001900270213706,-7.688945268583629e-12,-1.7770801982804598e-12,-2.3288884750055133e-09,1.0,0,0,0,odom,-0.003991698704400178,0.02086321741596678,0.25000571014183043,-1.141880614089689e-05,1.9280258142716425e-07,-0.01688071935330655,0.999857510440207
1970/01/01/03:03:18.038000,5057,198,15000000,camera_link_optical,-0.006672215647995472,-0.0024180791806429625,4.0171356201171875,-1.2830021300403623e-05,0.9995079305306839,0.00017869579886392253,-0.03136661775632936,0,198,8000000,camera_link_optical,-0.0043634467294229925,-1.2124826781201303e-05,4.031473313854288,0.7068579520475484,0.018132714569239865,-0.01813221467389702,0.7068905594789877,0,0,0,odom,-0.004613432605790368,0.024598948172419935,0.2500318167694412,-7.688945268583629e-12,-1.7770801982804598e-12,-2.3288884750055133e-09,1.0,0,0,0,odom,-0.00570660761603126,0.03147166775908333,0.25001156751508363,-2.3128075273431913e-05,5.894331479198092e-07,-0.025476632476939407,0.9996754176543404
1970/01/01/03:03:18.271000,5064,198,248000000,camera_link_optical,-0.008173204027116299,-0.002452821470797062,4.030542850494385,1.739737279800318e-05,0.9992118268650074,-0.0002249894413972029,-0.03969476199925055,0,198,236000000,camera_link_optical,-0.005878023789279352,-1.9542128836202988e-05,4.042252854409592,0.7066603066703848,0.024319408691009785,-0.024316873376561247,0.7067166808606017,0,0,0,odom,-0.006114420984911195,0.0380061785496172,0.2500665590595953,-7.688945268583629e-12,-1.7770801982804598e-12,-2.3288884750055133e-09,1.0,0,0,0,odom,-0.007226673986775637,0.04225063878092543,0.2500199061525315,-3.979058542441083e-05,1.3626204392282712e-06,-0.034224350294206715,0.9994141745351584
1970/01/01/03:03:18.491000,5070,198,448000000,camera_link_optical,-0.009358326904475689,-0.0024629314430058002,4.041871547698975,6.252320860923666e-06,0.9991015948020502,1.4587808332000918e-05,-0.04237927573831822,0,198,440000000,camera_link_optical,-0.007096214151500322,-3.0458541664696304e-05,4.052370893468206,0.7064221699089196,0.030136143494374375,-0.0301331370674213,0.7065065638526907,0,0,0,odom,-0.007299543862270585,0.049334875754207044,0.25007666903180403,-7.688945268583629e-12,-1.7770801982804598e-12,-2.3288884750055133e-09,1.0,0,0,0,odom,-0.008449204589258715,0.05236832609648068,0.25002990098304856,-5.975165280332813e-05,2.538760552295511e-06,-0.042450003630926686,0.9990985905380055
1970/01/01/03:03:18.740000,5078,198,714000000,camera_link_optical,-0.010484909638762474,-0.0025036893784999847,4.057024955749512,-5.956333885107955e-05,0.9988160094439696,0.0006230417048773604,-0.04864347386512193,0,198,695000000,camera_link_optical,-0.008232728591066637,-4.0310323881687093e-05,4.063799486350511,0.7060907938569667,0.03672146218785975,-0.03671502031308508,0.7062147919214337,0,0,0,odom,-0.00842612659655737,0.06448828380474415,0.2501174269672982,-7.688945268583629e-12,-1.7770801982804598e-12,-2.3288884750055133e-09,1.0,0,0,0,odom,-0.009591516195609849,0.0637963026948591,0.25004369129598586,-8.72731042030742e-05,4.523374280451676e-06,-0.05176047997461434,0.9986595241000519
1970/01/01/03:03:18.969000,5085,198,948000000,camera_link_optical,-0.011119876988232136,-0.0024834543000906706,4.067636013031006,-2.252257176252394e-05,0.9984711702184824,0.00016179213749606175,-0.055274728028025945,0,198,941000000,camera_link_optical,-0.009052161828596495,-6.765247096424121e-05,4.074283673214741,0.7057292223217393,0.04277772311411024,-0.04276774224032972,0.7058946460981202,0,0,0,odom,-0.009061093946027032,0.0750993410862383,0.2500971918888889,-7.688945268583629e-12,-1.7770801982804598e-12,-2.3288884750055133e-09,1.0,0,0,0,odom,-0.010416074284506128,0.07428048255408234,0.2500586566301486,-0.00011711338470565595,7.077496313170529e-06,-0.06032270071933664,0.998178920841494
1970/01/01/03:03:19.201000,5092,199,181000000,camera_link_optical,-0.012201322242617607,-0.0024562000762671232,4.073596000671387,-3.641491848613851e-05,0.9973493893286288,0.00017241710211979505,-0.07276100983430535,0,199,154000000,camera_link_optical,-0.009661957540767296,-8.5182999325778e-05,4.084876301903197,0.7053062159736969,0.04891303379442451,-0.04889809902889186,0.7055208237502639,0,0,0,odom,-0.010142539200412503,0.08105932872661915,0.25006993766506536,-7.688945268583629e-12,-1.7770801982804598e-12,-2.3288884750055133e-09,1.0,0,0,0,odom,-0.011030930183372718,0.08487279676967338,0.2500760074892878,-0.00015167580101101263,1.0489995216665411e-05,-0.06899575264407397,0.9976169420180719
1970/01/01/03:03:19.442000,5099,199,414000000,camera_link_optical,-0.012473839335143566,-0.002516218228265643,4.0787272453308105,-0.00010108617954415549,0.997098424869965,0.0008846066219997688,-0.0761179241344855,0,199,409000000,camera_link_optical,-0.010060618457183262,-9.570226257166192e-05,4.095844402666757,0.7048071638404364,0.05528530864722473,-0.05526394562144863,0.7050789266183829,0,0,0,odom,-0.010415056292938462,0.08619057338604298,0.2501299558170639,-7.688945268583629e-12,-1.7770801982804598e-12,-2.3288884750055133e-09,1.0,0,0,0,odom,-0.011435030027204836,0.09584075933524215,0.25009632081950517,-0.00019209172043058956,1.502950680002467e-05,-0.07800286143697926,0.9969531164917077
1970/01/01/03:03:19.665000,5106,199,648000000,camera_link_optical,-0.012867353856563568,-0.002612031064927578,4.092921733856201,-7.783739780140735e-05,0.9957720468673757,-2.1774044139276624e-05,-0.09185871839290807,0,199,641000000,camera_link_optical,-0.010217172849052469,-0.00011771812948022098,4.10595746013072,0.7042912878824985,0.06117998001850922,-0.06115166316028884,0.7046213635353935,0,0,0,odom,-0.010808570814358464,0.1003850619114336,0.2502257686537258,-7.688945268583629e-12,-1.7770801982804598e-12,-2.3288884750055133e-09,1.0,0,0,0,odom,-0.011596434860485902,0.10595382731580581,0.2501171542281589,-0.0002334883496550148,2.0233584004320473e-05,-0.08633418851445476,0.9962662058743855
1970/01/01/03:03:19.906000,5113,199,881000000,camera_link_optical,-0.012761975638568401,-0.002675784518942237,4.1064300537109375,9.164143756351577e-05,0.9957182870933177,-0.0007102920121648481,-0.09243689650271661,0,199,869000000,camera_link_optical,-0.010157656423824182,-0.00014134926324976815,4.116799161026099,0.7036776956957661,0.06752254200838403,-0.06748367393200463,0.7040769564853416,0,0,0,odom,-0.010703192596363298,0.11389338176616993,0.25028952210774047,-7.688945268583629e-12,-1.7770801982804598e-12,-2.3288884750055133e-09,1.0,0,0,0,odom,-0.011542480385041937,0.11679548192743448,0.25014171823206255,-0.0002822265742064924,2.701814975975351e-05,-0.09529641163280167,0.9954489005208114
1970/01/01/03:03:20.138000,5120,200,114000000,camera_link_optical,-0.012128910981118679,-0.0026367190293967724,4.117509365081787,7.548733816159953e-05,0.9947975206281356,-0.0011438818707344177,-0.10186549360819777,0,200,108000000,camera_link_optical,-0.009875194532071897,-0.00017011922070789276,4.127278387011438,0.703024853125977,0.07367655435255102,-0.0736273176299508,0.703496154449015,0,0,0,odom,-0.010070127938913575,0.12497269313701954,0.250250456618195,-7.688945268583629e-12,-1.7770801982804598e-12,-2.3288884750055133e-09,1.0,0,0,0,odom,-0.011264924452889064,0.12727497870626892,0.250167645007267,-0.0003335840354089932,3.4879228149284664e-05,-0.10399211273738775,0.9945780653088754
1970/01/01/03:03:20.370000,5127,200,348000000,camera_link_optical,-0.012015887536108494,-0.002705581486225128,4.128091335296631,-0.00019589426607421535,0.9936173770798019,0.00020777436620265748,-0.112802599350831,0,200,328000000,camera_link_optical,-0.009373985694061273,-0.00019200866945701112,4.137664246373593,0.7023177635200651,0.07980134346988622,-0.07973896590455719,0.7028678410206622,0,0,0,odom,-0.00995710449390339,0.13555466335186328,0.25031931907502336,-7.688945268583629e-12,-1.7770801982804598e-12,-2.3288884750055133e-09,1.0,0,0,0,odom,-0.010768834241688492,0.13766064731617408,0.25019544954513556,-0.0003885631502084738,4.404989487506187e-05,-0.11264455621280937,0.993635270626956
1970/01/01/03:03:20.613000,5134,200,581000000,camera_link_optical,-0.011552457697689533,-0.002705064369365573,4.14149808883667,-0.00018493419403841033,0.9929531172853664,0.0001718165814241886,-0.11850756579931787,0,200,582000000,camera_link_optical,-0.008618351909829743,-0.00023689731229797895,4.148441017802648,0.701521396468498,0.08618595281305153,-0.08610792029567603,0.7021574879590394,0,0,0,odom,-0.00949367465548443,0.14896141689190234,0.2503188019581638,-7.688945268583629e-12,-1.7770801982804598e-12,-2.3288884750055133e-09,1.0,0,0,0,odom,-0.010018545716299085,0.14843790864992462,0.25022651708206256,-0.0004498727681165525,5.514235102193708e-05,-0.12166265694497802,0.9925714042218335
1970/01/01/03:03:20.840000,5141,200,814000000,camera_link_optical,-0.010670674964785576,-0.002598363207653165,4.149646282196045,-0.000163970570307083,0.9917710715996926,9.163700840818656e-05,-0.12802385033386662,0,200,809000000,camera_link_optical,-0.0076943042657663385,-0.00026291295449445973,4.158494187989444,0.7007187463857523,0.09217050321541244,-0.09207555040781314,0.7014413231466304,0,0,0,odom,-0.008611891922580472,0.15710961025127734,0.2502121007964514,-7.688945268583629e-12,-1.7770801982804598e-12,-2.3288884750055133e-09,1.0,0,0,0,odom,-0.009099506835632041,0.15849134488579047,0.25025752773168725,-0.0005109403739749571,6.705056315168145e-05,-0.13011411676002083,0.9914988911057421
1970/01/01/03:03:21.070000,5148,201,48000000,camera_link_optical,-0.0095188794657588,-0.0026059437077492476,4.154340744018555,-0.00013173341126872262,0.9902370594906735,-0.0005043213507782503,-0.1393925906120835,0,201,41000000,camera_link_optical,-0.006540956404555891,-0.0002902645625060818,4.168665226482989,0.6998471928015038,0.09825559024681822,-0.09814120651097356,0.7006625787764569,0,0,0,odom,-0.007460096423553697,0.1618040720737871,0.2502196812965475,-7.688945268583629e-12,-1.7770801982804598e-12,-2.3288884750055133e-09,1.0,0,0,0,odom,-0.007951252462638487,0.16866273824727882,0.2502908940187127,-0.0005764999552304074,8.074452333476753e-05,-0.13870599249784302,0.9903334331291215
1970/01/01/03:03:21.309000,5155,201,282000000,camera_link_optical,-0.008001372218132019,-0.0029410715214908123,4.164001941680908,-0.0003391532549064441,0.9886559101572904,0.00014794834880343038,-0.1501977176837767,0,201,296000000,camera_link_optical,-0.00512267434451728,-0.00032785895312498203,4.179121558400849,0.698887648090762,0.10454526387630836,-0.10440898234287155,0.6998036207060679,0,0,0,odom,-0.005942589175926915,0.17146526973614062,0.25055480911028905,-7.688945268583629e-12,-1.7770801982804598e-12,-2.3288884750055133e-09,1.0,0,0,0,odom,-0.0065380759553178725,0.17911961164352308,0.25032728511049746,-0.0006478267055522695,9.666840655337926e-05,-0.14758545352129757,0.9890490912410222
1970/01/01/03:03:21.572000,5163,201,548000000,camera_link_optical,-0.006268383003771305,-0.0030459424015134573,4.180251121520996,6.359372210487013e-06,0.9874621887518031,-0.0006964481348212102,-0.157854175443832,0,201,541000000,camera_link_optical,-0.0032984350462010267,-0.00036658628881119926,4.190544767864539,0.6977633094717886,0.11145961847511525,-0.11129481343410144,0.698796523966045,0,0,0,odom,-0.004209599961566201,0.18771444957622851,0.2506596799903117,-7.688945268583629e-12,-1.7770801982804598e-12,-2.3288884750055133e-09,1.0,0,0,0,odom,-0.004719708497887689,0.19054323827530034,0.2503694625416592,-0.0007302611814436334,0.00011635131951349196,-0.15734370976118647,0.9875436244437837
1970/01/01/03:03:21.804000,5170,201,781000000,camera_link_optical,-0.0045485603623092175,-0.002990342676639557,4.191400527954102,4.577904961671926e-05,0.9864211524732366,-0.0023847825875852307,-0.16421821052995406,0,201,756000000,camera_link_optical,-0.0014618214250108116,-0.0004117956763767805,4.200544247896987,0.696713419999303,0.11755141426142697,-0.1173593093041897,0.6978530417771759,0,0,0,odom,-0.0024897773201041137,0.19886385600933398,0.2506040802654378,-7.688945268583629e-12,-1.7770801982804598e-12,-2.3288884750055133e-09,1.0,0,0,0,odom,-0.002887924181366068,0.2005437119121478,0.25040846531844335,-0.0008062641307842218,0.00013567213516661608,-0.1659395672125949,0.9861355847775295
1970/01/01/03:03:22.039000,5177,202,14000000,camera_link_optical,-0.001959396293386817,-0.0028995617758482695,4.201322078704834,3.397250277394148e-05,0.9848947191990762,-0.0015656826600800753,-0.17314716162111893,0,202,8000000,camera_link_optical,0.0006152434982128768,-0.00045829352343040863,4.210596395018124,0.6955929592763046,0.12371449226553774,-0.12349193908811952,0.6968463965530494,0,0,0,odom,9.938674881828681e-05,0.2087854067600664,0.2505132993646465,-7.688945268583629e-12,-1.7770801982804598e-12,-2.3288884750055133e-09,1.0,0,0,0,odom,-0.0008160852474733753,0.21059631653279093,0.25044963382011126,-0.0008862470295442553,0.00015718430699056683,-0.17463399389859757,0.9846330067767997
1970/01/01/03:03:22.301000,5185,202,281000000,camera_link_optical,0.00036037815152667463,-0.0030832334887236357,4.2123799324035645,-0.00048386654352851826,0.9828603137137721,0.00041944491560498776,-0.18435073546258585,0,202,265000000,camera_link_optical,0.003185847110702884,-0.0004967983139445575,4.221706877344881,0.6942778674826319,0.13057598927468192,-0.13031612516460178,0.6956621746730168,0,0,0,odom,0.0024191611937317784,0.21984326045879687,0.25069697107752187,-7.688945268583629e-12,-1.7770801982804598e-12,-2.3288884750055133e-09,1.0,0,0,0,odom,0.0017489104939261513,0.22170768026039253,0.2504974364256126,-0.0009788038492898371,0.00018354930214758525,-0.18431132031952485,0.9828674099057065
1970/01/01/03:03:22.540000,5192,202,515000000,camera_link_optical,0.0025012772530317307,-0.0030087248887866735,4.221719741821289,-0.0006203570596455288,0.9814204670189153,0.0005539565045658193,-0.191867598113084,0,202,508000000,camera_link_optical,0.005763653658302054,-0.0005433189665233762,4.231749115333175,0.6930176362966514,0.13682533405255506,-0.13652875187001992,0.6945252217565777,0,0,0,odom,0.0045600602952368344,0.22918306987652148,0.2506224624775849,-7.688945268583629e-12,-1.7770801982804598e-12,-2.3288884750055133e-09,1.0,0,0,0,odom,0.004321750751274097,0.23175086355749167,0.2505427302477687,-0.0010661853304435504,0.0002098560543017792,-0.19312335066099712,0.9811738839975039
1970/01/01/03:03:22.777000,5199,202,749000000,camera_link_optical,0.005609266459941864,-0.0028800948057323694,4.231472969055176,-0.0001909088320051929,0.9798082195318767,0.0003171714833598086,-0.19993928051746587,0,202,775000000,camera_link_optical,0.008526240497068398,-0.0005854486302019346,4.241574710515114,0.6917160954541,0.14298712151565532,-0.14265031998197905,0.693350137073211,0,0,0,odom,0.007668049502146968,0.2389362971104082,0.2504938323945306,-7.688945268583629e-12,-1.7770801982804598e-12,-2.3288884750055133e-09,1.0,0,0,0,odom,0.007078888565059366,0.24157716869868104,0.2505889752690858,-0.0011550770868085376,0.00023800212209627403,-0.20180907262317627,0.9794241713164357
1970/01/01/03:03:23.036000,5207,203,14000000,camera_link_optical,0.008584185503423214,-0.00302780419588089,4.242543697357178,-0.00015086242126386928,0.9775639897798458,-0.001249629596367293,-0.21063490107793442,0,203,8000000,camera_link_optical,0.011816319699988878,-0.0006488920907767315,4.252289868401115,0.6902182362748089,0.14976358120100206,-0.1493792220207407,0.6919938613080475,0,0,0,odom,0.010642968545628318,0.25000702541241016,0.2506415417846791,-7.688945268583629e-12,-1.7770801982804598e-12,-2.3288884750055133e-09,1.0,0,0,0,odom,0.010363702899898483,0.2522937666677061,0.2506416014025578,-0.0012558279033654642,0.00027156577996269174,-0.21135896013501076,0.9774076627073022
1970/01/01/03:03:23.272000,5214,203,248000000,camera_link_optical,0.011913396418094635,-0.003352157538756728,4.253281593322754,-0.00013901354102253624,0.9758550304071766,-0.00035289166341135724,-0.21841889975850992,0,203,235000000,camera_link_optical,0.015025554113793999,-0.0006999759478638901,4.261913307091684,0.68879944906376,0.15590323227817554,-0.15547237437748115,0.6907082176578662,0,0,0,odom,0.013972179460299739,0.2607449213779863,0.25096589512755496,-7.688945268583629e-12,-1.7770801982804598e-12,-2.3288884750055133e-09,1.0,0,0,0,odom,0.013567988119677727,0.26191815860840995,0.2506908288630231,-0.0013496727483951337,0.00030439887357565907,-0.22000900023537046,0.9754968608561643
1970/01/01/03:03:23.543000,5222,203,514000000,camera_link_optical,0.0158240869641304,-0.0036135315895080566,4.2617902755737305,-0.0006698411909935336,0.9736855854013376,-0.002098834762445484,-0.22788489854984517,0,203,541000000,camera_link_optical,0.018970288755521748,-0.0007485779733411579,4.272837870777922,0.6871020484366099,0.16293965304721694,-0.16245092404924136,0.6891669912108492,0,0,0,odom,0.017882870006335504,0.2692536036289629,0.2512272691783063,-7.688945268583629e-12,-1.7770801982804598e-12,-2.3288884750055133e-09,1.0,0,0,0,odom,0.017506578315122555,0.2728440877029905,0.250748989720625,-0.0014600401184753867,0.0003449325167241203,-0.22991922010238175,0.9732085601411056
1970/01/01/03:03:23.801000,5230,203,781000000,camera_link_optical,0.019928038120269775,-0.0034499485045671463,4.2721781730651855,-0.0002997386480847851,0.970849394969712,-0.002272631656378731,-0.23967936412849816,0,203,775000000,camera_link_optical,0.022979845759079204,-0.0008081856847079738,4.283108327445165,0.685418878548957,0.1696231660991955,-0.169076539239656,0.6876351258697566,0,0,0,odom,0.021986821162474877,0.27964150112041797,0.2510636860933654,-7.688945268583629e-12,-1.7770801982804598e-12,-2.3288884750055133e-09,1.0,0,0,0,odom,0.021511233642146528,0.28311608852929143,0.25080590221353,-0.0015674949930576689,0.00038637856161356424,-0.2393303912960046,0.9709368452547033
1970/01/01/03:03:24.038000,5237,204,14000000,camera_link_optical,0.023473305627703667,-0.0033199144527316093,4.281031608581543,-4.8678249586614916e-05,0.9687096341612904,-0.0014762320957898976,-0.24819239120554518,0,203,999000000,camera_link_optical,0.026880545331751292,-0.0008558682785724248,4.292427533027849,0.6838141452035793,0.17574975207819618,-0.1751456546175485,0.6861736217114013,0,0,0,odom,0.02553208866990877,0.2884949366367754,0.25093365204152984,-7.688945268583629e-12,-1.7770801982804598e-12,-2.3288884750055133e-09,1.0,0,0,0,odom,0.025406998520319014,0.29243630332478043,0.2508594376234624,-0.0016680722622629497,0.0004269387926794493,-0.24795424296609775,0.9687702145778971
1970/01/01/03:03:24.274000,5244,204,248000000,camera_link_optical,0.027527278289198875,-0.003403162118047476,4.292043685913086,-0.0006014457973608871,0.9668383159318742,-0.0009383579923673314,-0.25538682149486175,0,204,241000000,camera_link_optical,0.030969255877115447,-0.0009224663617022066,4.301592943383974,0.6821624199806272,0.1818372391371437,-0.18117253319903692,0.684665001620062,0,0,0,odom,0.029586061331403977,0.29950701396831836,0.2510168997068457,-7.688945268583629e-12,-1.7770801982804598e-12,-2.3288884750055133e-09,1.0,0,0,0,odom,0.029490873356826444,0.3016034125970841,0.2509138775623746,-0.0017698397409465242,0.0004697184841712591,-0.25652058207159206,0.966537033954462
1970/01/01/03:03:24.535000,5252,204,514000000,camera_link_optical,0.03240050747990608,-0.0034787277691066265,4.302395343780518,-0.0005232343540692722,0.9641682623057849,0.00027706505451480863,-0.26529080538723787,0,204,509000000,camera_link_optical,0.035726403263078146,-0.0009759242911502319,4.3115930610118,0.6802720568581219,0.18855343399693955,-0.187817867555599,0.6829362926458438,0,0,0,odom,0.034459290522111184,0.30985867183575,0.25109246535790486,-7.688945268583629e-12,-1.7770801982804598e-12,-2.3288884750055133e-09,1.0,0,0,0,odom,0.03424263877690647,0.31160513580324767,0.25097532256977,-0.0018840717853245645,0.0005198287770993853,-0.2659688320025097,0.9639796473239315
1970/01/01/03:03:24.776000,5259,204,749000000,camera_link_optical,0.036960847675800323,-0.0036679713521152735,4.311509609222412,-0.0009234670309087318,0.9617856964730238,-0.0012867122813724873,-0.2737987685144843,0,204,764000000,camera_link_optical,0.04033637771841888,-0.00103270704492614,4.32069559619518,0.6784678591500385,0.1947396508287398,-0.19393431337224967,0.6812835786897392,0,0,0,odom,0.039019630718005426,0.31897293727764453,0.2512817089409135,-7.688945268583629e-12,-1.7770801982804598e-12,-2.3288884750055133e-09,1.0,0,0,0,odom,0.03884737420932688,0.320709208433926,0.25103314249785813,-0.0019909400027066804,0.0005687230880939086,-0.2746683417507472,0.9615367984387542
1970/01/01/03:03:25.042000,5267,205,15000000,camera_link_optical,0.042155735194683075,-0.003643345320597291,4.322066307067871,-0.0006661544082049956,0.9589774605047283,-0.0026229462159876446,-0.28346941040499335,0,205,20000000,camera_link_optical,0.04566301147690125,-0.0011015240415772065,4.33059117725568,0.6764122439051988,0.20154885030262185,-0.2006634598900559,0.6793958441893629,0,0,0,odom,0.04421451823688818,0.3295296351231035,0.2512570829093955,-7.688945268583629e-12,-1.7770801982804598e-12,-2.3288884750055133e-09,1.0,0,0,0,odom,0.0441689669284637,0.33060687630259944,0.25109808445641796,-0.002110232143900409,0.0006256227507103266,-0.2842416713048035,0.9587501383626105
1970/01/01/03:03:25.300000,5275,205,281000000,camera_link_optical,0.04771316796541214,-0.0037549533881247044,4.334822654724121,-0.0010991090133251216,0.9562742691132174,-0.0030107188832280756,-0.2924538421070323,0,205,274000000,camera_link_optical,0.05104519096469948,-0.0011709980351314042,4.339997600067372,0.6743612053040574,0.20810901155397374,-0.2071417844991155,0.6775100628074899,0,0,0,odom,0.04977195100761724,0.3422859827793535,0.25136869097692294,-7.688945268583629e-12,-1.7770801982804598e-12,-2.3288884750055133e-09,1.0,0,0,0,odom,0.04954601941354647,0.3400149354872437,0.2511618660133125,-0.002226611781510941,0.0006835217344511726,-0.29346155066826457,0.9559680398828145
1970/01/01/03:03:25.538000,5282,205,514000000,camera_link_optical,0.05277468264102936,-0.003817120334133506,4.343776702880859,-0.0009303307453392929,0.9538776206270373,-0.0023661454884000748,-0.3001849774841072,0,205,508000000,camera_link_optical,0.05623321582318336,-0.0012256673144409869,4.348568858767154,0.6724062331233022,0.21416707334564997,-0.21312040475924354,0.6757085284549444,0,0,0,odom,0.05483346568323446,0.3512400309360918,0.25143085792293174,-7.688945268583629e-12,-1.7770801982804598e-12,-2.3288884750055133e-09,1.0,0,0,0,odom,0.054729388040149644,0.3485880384425937,0.25122176763187964,-0.002335188873253063,0.0007396981212828066,-0.3019730406577202,0.9533133180940809
1970/01/01/03:03:25.778000,5289,205,748000000,camera_link_optical,0.058043889701366425,-0.003867656923830509,4.349282741546631,-0.0008430265015405022,0.9509352148651747,-0.0020135821149816257,-0.3093823717064499,0,205,733000000,camera_link_optical,0.061683717821815726,-0.001283783845189318,4.357107911746554,0.6703721868062763,0.22028412211326465,-0.21915349198176043,0.6738306787714253,0,0,0,odom,0.06010267274357153,0.3567460696018633,0.25148139451262874,-7.688945268583629e-12,-1.7770801982804598e-12,-2.3288884750055133e-09,1.0,0,0,0,odom,0.060175313620882506,0.3571290407669294,0.25128317293484065,-0.002445745853699772,0.0007990779281943559,-0.3105647820569995,0.9505487341254905
1970/01/01/03:03:26.033000,5297,206,14000000,camera_link_optical,0.06416982412338257,-0.003961632028222084,4.354083061218262,-0.0007711371114761594,0.9475212951543213,-0.0016725062024548786,-0.31968735242363827,0,205,988000000,camera_link_optical,0.06766446168277501,-0.0013484247195416632,4.365985644879757,0.6681604397093721,0.22673718846607585,-0.22551325476987605,0.6717854167046013,0,0,0,odom,0.06622860716558768,0.36154638927349414,0.2515753696170203,-7.688945268583629e-12,-1.7770801982804598e-12,-2.3288884750055133e-09,1.0,0,0,0,odom,0.06615085757273086,0.3660088071275497,0.2513488886584947,-0.0025632049845362185,0.0008646226512584905,-0.31962513769289586,0.9475402122140651
1970/01/01/03:03:26.302000,5305,206,281000000,camera_link_optical,0.0705902948975563,-0.004071441479027271,4.361573219299316,-0.0015311014902730153,0.944204366334397,-0.0035181314030718765,-0.3293378099683015,0,206,275000000,camera_link_optical,0.07420742049574922,-0.0014267340249901617,4.375170717127121,0.6657621575080354,0.23352136810287785,-0.23219589332005408,0.669562235639756,0,0,0,odom,0.07264907793976141,0.3690365473545488,0.2516851790678255,-7.688945268583629e-12,-1.7770801982804598e-12,-2.3288884750055133e-09,1.0,0,0,0,odom,0.07268876899816769,0.37519631147567395,0.2514189508899993,-0.0026874272853353023,0.0009367631748687079,-0.3291479547726474,0.9442740725437311
1970/01/01/03:03:26.542000,5312,206,514000000,camera_link_optical,0.07643388211727142,-0.004201721400022507,4.373775005340576,-0.001183458178938964,0.9415427665712685,-0.002676692604770141,-0.33688077039326564,0,206,498000000,camera_link_optical,0.08024504614061127,-0.0014911447272561995,4.383206233331515,0.6635655399590116,0.2395541584504291,-0.23813400346208105,0.6675228653335658,0,0,0,odom,0.07849266515947653,0.3812383333958086,0.25181545898882074,-7.688945268583629e-12,-1.7770801982804598e-12,-2.3288884750055133e-09,1.0,0,0,0,odom,0.07872191893288563,0.383233814641822,0.2514820219721653,-0.002798340093931395,0.001003692499460083,-0.3376130035237086,0.941280309868312
1970/01/01/03:03:26.802000,5320,206,781000000,camera_link_optical,0.08348406106233597,-0.004224470350891352,4.385230541229248,-0.0011653137119635654,0.9382436419591177,-0.003191469946421153,-0.3459585594935105,0,206,753000000,camera_link_optical,0.08696907852294229,-0.0015499263168168853,4.391705002103439,0.6611359674769873,0.2460425171417606,-0.24451640531253654,0.6652623841762358,0,0,0,odom,0.08554284410454108,0.39269386928448047,0.2518382079396896,-7.688945268583629e-12,-1.7770801982804598e-12,-2.3288884750055133e-09,1.0,0,0,0,odom,0.08544110705930963,0.39173495712443945,0.25155059743207164,-0.002917919631597217,0.0010785946526270733,-0.3467143797136379,0.9379655970654714
1970/01/01/03:03:27.069000,5328,207,48000000,camera_link_optical,0.0904652401804924,-0.004285364877432585,4.394223213195801,-0.0008227857583953006,0.934898688809086,-0.002298573209527552,-0.3549062992507292,0,207,41000000,camera_link_optical,0.09415089946445628,-0.0016244942138717577,4.40030597518935,0.6585579553769088,0.25273151488413864,-0.25109183146905123,0.6628582751717529,0,0,0,odom,0.09252402322269751,0.4016865412510332,0.2518991024662308,-7.688945268583629e-12,-1.7770801982804598e-12,-2.3288884750055133e-09,1.0,0,0,0,odom,0.09261790549165319,0.40033864999409624,0.25162202324441807,-0.0030413117619415525,0.00115897020364592,-0.35609412844788974,0.9344444225826231
1970/01/01/03:03:27.342000,5336,207,314000000,camera_link_optical,0.09774547070264816,-0.004329863004386425,4.401433944702148,-0.0015110989342546185,0.9309661026401734,-0.0033901588735871014,-0.365086755631848,0,207,315000000,camera_link_optical,0.10169701915021089,-0.0017042874280489284,4.408861554071466,0.655864547372845,0.25951876608439195,-0.25775898290562177,0.6603423447583133,0,0,0,odom,0.09980425374485327,0.40889727275738086,0.25194360059318466,-7.688945268583629e-12,-1.7770801982804598e-12,-2.3288884750055133e-09,1.0,0,0,0,odom,0.10015892152529356,0.4088967255742069,0.2516951705886353,-0.0031664113202306663,0.001243782356162027,-0.3656082577890605,0.9307626059749338
1970/01/01/03:03:27.606000,5344,207,581000000,camera_link_optical,0.10552234202623367,-0.004360370337963104,4.409945487976074,-0.0016143110884051367,0.9271776952590045,-0.003503641790575142,-0.3746019753126161,0,207,569000000,camera_link_optical,0.10921123420670903,-0.0017655062133102306,4.416932739427494,0.6531966841958707,0.266055901682417,-0.2641762135094632,0.6578444171316484,0,0,0,odom,0.10758112506843878,0.41740881603130664,0.25197410792676134,-7.688945268583629e-12,-1.7770801982804598e-12,-2.3288884750055133e-09,1.0,0,0,0,odom,0.10766841890451409,0.41697057912789637,0.2517661832075457,-0.003286589660075951,0.0013285470721138475,-0.37476881539667545,0.9271115188030273
1970/01/01/03:03:27.868000,5352,207,848000000,camera_link_optical,0.11340763419866562,-0.004486135207116604,4.419044494628906,-0.001767628586745972,0.923569010221164,-0.002880788852645627,-0.38341734429191565,0,207,824000000,camera_link_optical,0.11688849411814087,-0.0018243461701450414,4.425044168504108,0.6505093798664284,0.2725001609171731,-0.27051286147439557,0.6552892497079774,0,0,0,odom,0.11546641724087073,0.42650782268413867,0.25209987279591484,-7.688945268583629e-12,-1.7770801982804598e-12,-2.3288884750055133e-09,1.0,0,0,0,odom,0.11534117217115808,0.4250848046204667,0.25182364010964436,-0.003380340763002554,0.001405012804978434,-0.3838067278402994,0.9234061917162275
1970/01/01/03:03:28.109000,5359,208,81000000,camera_link_optical,0.12013236433267593,-0.004532290156930685,4.425652503967285,-0.0017110679913329295,0.9204218604744497,-0.00284767350283002,-0.3909124732759279,0,208,79000000,camera_link_optical,0.12410184503342259,-0.001869865858751596,4.432365785315269,0.6479983880123249,0.2783767472687819,-0.27629064503152023,0.652891993503939,0,0,0,odom,0.12219114737488104,0.4331158320225176,0.2521460277457289,-7.688945268583629e-12,-1.7770801982804598e-12,-2.3288884750055133e-09,1.0,0,0,0,odom,0.12254982092565826,0.4324087626839093,0.25187355629845776,-0.003460171294866611,0.00147461533930693,-0.3920480215149929,0.919937063907304
1970/01/01/03:03:28.368000,5367,208,348000000,camera_link_optical,0.12826687097549438,-0.004506859928369522,4.43359899520874,-0.0016539936150524457,0.9164770745523118,-0.0032203038027374307,-0.40007082594032767,0,208,334000000,camera_link_optical,0.13210530075882954,-0.0019362577503084233,4.440150804002656,0.6452248365694099,0.28471479289322793,-0.2825215122879087,0.650233798011375,0,0,0,odom,0.1303256540176995,0.44106232326397266,0.25212059751716775,-7.688945268583629e-12,-1.7770801982804598e-12,-2.3288884750055133e-09,1.0,0,0,0,odom,0.1305487147033722,0.4401968802222293,0.25192582062802465,-0.003542229676573551,0.0015502793480192468,-0.40093606383038716,0.9160978779383004
1970/01/01/03:03:28.601000,5374,208,582000000,camera_link_optical,0.13567562401294708,-0.004559721332043409,4.440800666809082,-0.0016719112583569607,0.9123646692251012,-0.0032932638614564225,-0.4093617831156871,0,208,575000000,camera_link_optical,0.13944280359947797,-0.001973296634459082,4.4470157939358135,0.6426927006035879,0.2903683353941871,-0.2880799153793121,0.6477980277419221,0,0,0,odom,0.1377344070551522,0.44826399486431445,0.25217345892084164,-7.688945268583629e-12,-1.7770801982804598e-12,-2.3288884750055133e-09,1.0,0,0,0,odom,0.1378819928687923,0.44706447583760817,0.2519702199972801,-0.0036103317171521272,0.0016175305771433258,-0.4088645372844337,0.9125865105571692
1970/01/01/03:03:28.841000,5381,208,815000000,camera_link_optical,0.14293396472930908,-0.004656827077269554,4.4489569664001465,-0.0018397946736000168,0.9094712242998461,-0.0036288367359505287,-0.4157469649558997,0,208,794000000,camera_link_optical,0.14716009373996597,-0.002013103582689302,4.453968638951248,0.6400385338661856,0.2961657076821558,-0.29377994633832316,0.6452363070139524,0,0,0,odom,0.1449927477715142,0.4564202944553789,0.2522705646660678,-7.688945268583629e-12,-1.7770801982804598e-12,-2.3288884750055133e-09,1.0,0,0,0,odom,0.14559516553882032,0.4540200313572035,0.2520137897374352,-0.0036755902588737318,0.0016863270957265747,-0.4169949088384306,0.908899825250288
1970/01/01/03:03:29.100000,5389,209,81000000,camera_link_optical,0.1517280638217926,-0.004743008408695459,4.456903457641602,-0.0016677748087911965,0.9049524631674571,-0.003257287559884489,-0.42549694242390446,0,209,75000000,camera_link_optical,0.1556663187274297,-0.002060614339459116,4.46133292743834,0.6371224607566384,0.3023920241540128,-0.29990229523065765,0.6424115869462724,0,0,0,odom,0.1537868468639977,0.464366785696834,0.2523567459974937,-7.688945268583629e-12,-1.7770801982804598e-12,-2.3288884750055133e-09,1.0,0,0,0,odom,0.1540968103207136,0.46138753832394774,0.2520584093973184,-0.003740598225399774,0.0017599473908567489,-0.42572723034198945,0.9048421054832916
1970/01/01/03:03:29.336000,5396,209,314000000,camera_link_optical,0.15943235158920288,-0.004856762010604143,4.463387489318848,-0.0020960803922000417,0.9015729923088817,-0.003679717640939211,-0.4326062940645706,0,209,303000000,camera_link_optical,0.16357135991832356,-0.0020962580813531084,4.4678369390146075,0.6344128237577329,0.30804172875606434,-0.3054543099244083,0.639787720220792,0,0,0,odom,0.161491134631408,0.4708508173740801,0.2524704995994024,-7.688945268583629e-12,-1.7770801982804598e-12,-2.3288884750055133e-09,1.0,0,0,0,odom,0.16199771018810014,0.467894068004303,0.25209998035054976,-0.0038005654196571633,0.0018290538142709772,-0.4336485316434549,0.9010722286632249
1970/01/01/03:03:29.575000,5403,209,548000000,camera_link_optical,0.1676715910434723,-0.004861080553382635,4.4686079025268555,-0.0021522498563315857,0.8974967133985712,-0.0036662518939518784,-0.4410006528978941,0,209,558000000,camera_link_optical,0.17171781525537436,-0.0021589302539624378,4.4740732549577995,0.6316108814297887,0.31374653444998346,-0.3110501340517699,0.6370860386843261,0,0,0,odom,0.1697303740856774,0.4760712305820879,0.25247481814218087,-7.688945268583629e-12,-1.7770801982804598e-12,-2.3288884750055133e-09,1.0,0,0,0,odom,0.17014011866929152,0.4741335667179807,0.2521484841792909,-0.003871944873004945,0.0019059730553594425,-0.4416397794699248,0.897182077673963
1970/01/01/03:03:29.835000,5411,209,814000000,camera_link_optical,0.17648367583751678,-0.0049021183513104916,4.476336479187012,-0.002120817979738673,0.8931650226584128,-0.003575530351192155,-0.44970986203707103,0,209,808000000,camera_link_optical,0.18075156866466702,-0.0021957184556143927,4.480829183240861,0.6285179522135906,0.3199157725957684,-0.31710779942111833,0.6340833744358727,0,0,0,odom,0.1785424588797219,0.48379980724224414,0.2525158559401087,-7.688945268583629e-12,-1.7770801982804598e-12,-2.3288884750055133e-09,1.0,0,0,0,odom,0.17916959367544727,0.4808927474759228,0.25219423195383983,-0.003935767898536721,0.001984851777617495,-0.4502860773823204,0.892873461701104
1970/01/01/03:03:30.071000,5418,210,48000000,camera_link_optical,0.1846984624862671,-0.004904833156615496,4.482686519622803,-0.0021235630659009862,0.8892726376734527,-0.0038073176698857746,-0.4573567214957772,0,210,41000000,camera_link_optical,0.1891026180277469,-0.002228956323309661,4.486934543803653,0.6256701163558269,0.3254824637309243,-0.32257932911143605,0.631300758539818,0,0,0,odom,0.1867572455284722,0.49014984767803516,0.25251857074541373,-7.688945268583629e-12,-1.7770801982804598e-12,-2.3288884750055133e-09,1.0,0,0,0,odom,0.1875165915816934,0.48700106771078944,0.25222959907521214,-0.003981667536644949,0.002051954552198002,-0.45809180703846347,0.8888936000052978
1970/01/01/03:03:30.308000,5425,210,281000000,camera_link_optical,0.19311277568340302,-0.004925028886646032,4.489434242248535,-0.002141540492929481,0.8852347538669636,-0.0038274920533780065,-0.4651238487274061,0,210,273000000,camera_link_optical,0.19762949466598256,-0.0022601792567752688,4.493038691283475,0.6227719240724119,0.3310403882145124,-0.3280489512403268,0.6284514918019151,0,0,0,odom,0.19517155872560812,0.4968975703037676,0.25253876647544427,-7.688945268583629e-12,-1.7770801982804598e-12,-2.3288884750055133e-09,1.0,0,0,0,odom,0.19603987934396958,0.4931083677217828,0.25225939661710095,-0.004016684458692609,0.0021149045726511005,-0.46589000266713027,0.8848310001573345
1970/01/01/03:03:30.534000,5432,210,515000000,camera_link_optical,0.20170748233795166,-0.004957685247063637,4.496308326721191,-0.0022717053398189544,0.8812025632779181,-0.0037616631482861743,-0.47271844867493246,0,210,508000000,camera_link_optical,0.20585274027945136,-0.002279933369219722,4.498808022232986,0.6199836618150382,0.3362879216707244,-0.3332173849211478,0.6256971050013839,0,0,0,odom,0.20376626538015677,0.5037716547764238,0.25257142283586187,-7.688945268583629e-12,-1.7770801982804598e-12,-2.3288884750055133e-09,1.0,0,0,0,odom,0.2042589833120313,0.49888051861403615,0.25228254867483063,-0.004040067576280678,0.0021704581060467886,-0.4732557228796584,0.8809131556102684
1970/01/01/03:03:30.777000,5439,210,749000000,camera_link_optical,0.21050257980823517,-0.004953336901962757,4.503190517425537,-0.0024830407984768417,0.8773082670546999,-0.0038366778608094967,-0.47990553129638436,0,210,731000000,camera_link_optical,0.21490620116405618,-0.0023057916215498686,4.505034353165867,0.6169209048105664,0.3419457481205596,-0.3387964789288184,0.622654517702568,0,0,0,odom,0.21256136285044028,0.5106538454807695,0.252567074490761,-7.688945268583629e-12,-1.7770801982804598e-12,-2.3288884750055133e-09,1.0,0,0,0,odom,0.2133086587551633,0.5051104825677818,0.2523021974054356,-0.0040550456634280375,0.0022259887178773235,-0.48120202649126903,0.8765975195490753
1970/01/01/03:03:30.999000,5446,210,981000000,camera_link_optical,0.21942035853862762,-0.00497320806607604,4.510013580322266,-0.002586748448782878,0.873449394979668,-0.003810461067461656,-0.4868931541196364,0,210,975000000,camera_link_optical,0.2232638931480348,-0.00232164108624211,4.510672097159951,0.6140970725032935,0.34706371075739056,-0.34384935410810297,0.6198380336004203,0,0,0,odom,0.22147914158083273,0.517476908377498,0.2525869456548743,-7.688945268583629e-12,-1.7770801982804598e-12,-2.3288884750055133e-09,1.0,0,0,0,odom,0.2216624762909538,0.5107510017851518,0.2523153232398918,-0.004059726072190873,0.002272202054372177,-0.4883944238599694,0.8726105903921472
1970/01/01/03:03:31.237000,5453,211,214000000,camera_link_optical,0.22838915884494781,-0.0050481026992201805,4.5160064697265625,-0.002515969415104704,0.8691792283921507,-0.0036294474040965627,-0.49447746757670247,0,211,190000000,camera_link_optical,0.23234698967808762,-0.0023350327251468184,4.516685345345281,0.6110315363495299,0.3525193908852274,-0.34924142797647,0.6167665406141917,0,0,0,odom,0.23044794188715292,0.5234697977817949,0.2526618402880184,-7.688945268583629e-12,-1.7770801982804598e-12,-2.3288884750055133e-09,1.0,0,0,0,odom,0.23074185807108646,0.5167676681198271,0.2523245743124085,-0.00405576075608014,0.002317156437063545,-0.49606555802945396,0.8682725054541703
1970/01/01/03:03:31.475000,5460,211,448000000,camera_link_optical,0.23745711147785187,-0.005100993439555168,4.521125316619873,0.0024772629805555157,-0.8640703926605142,0.003541516667348488,0.5033524385113525,0,211,445000000,camera_link_optical,0.24155449215458913,-0.002329712682394375,4.522666135820464,0.6079254219215638,0.3579426811960095,-0.3546078649089116,0.6136423881255625,0,0,0,odom,0.23951589452005698,0.5285886446751055,0.2527147310283534,-7.688945268583629e-12,-1.7770801982804598e-12,-2.3288884750055133e-09,1.0,0,0,0,odom,0.2399452869421418,0.5227518327465126,0.2523290597991111,-0.004043012777550033,0.00235735869089397,-0.5036956440468793,0.8638685056626862
1970/01/01/03:03:31.700000,5467,211,681000000,camera_link_optical,0.24652878940105438,-0.0050837332382798195,4.52733850479126,0.0024824456010384974,-0.8592817224148962,0.0037844029226641123,0.5114825874671065,0,211,649000000,camera_link_optical,0.2503694063034067,-0.002328425577777904,4.528289402667861,0.6049514370652498,0.36303991941145014,-0.3596574900139481,0.6106408646522797,0,0,0,odom,0.2485875724432595,0.5348018328464922,0.25269747082707805,-7.688945268583629e-12,-1.7770801982804598e-12,-2.3288884750055133e-09,1.0,0,0,0,odom,0.24875659504728365,0.5283782484646065,0.25232913282180364,-0.0040233708684341615,0.0023910163449024505,-0.5108711640052633,0.8596445482381663
1970/01/01/03:03:31.938000,5474,211,914000000,camera_link_optical,0.2558220624923706,-0.005038267467170954,4.5344014167785645,0.0025577027680764018,-0.8553575689624429,0.004118065147527795,0.5180153751720606,0,211,905000000,camera_link_optical,0.259767015942744,-0.002325904536944756,4.534178853457501,0.6017795853735189,0.36837743232695447,-0.3649517482795367,0.6074286949161894,0,0,0,odom,0.2578808455345757,0.5418647448337969,0.2526520050559692,-7.688945268583629e-12,-1.7770801982804598e-12,-2.3288884750055133e-09,1.0,0,0,0,odom,0.25815038688202285,0.5342712230762867,0.2523250642516637,-0.003995225553096996,0.002421946266763916,-0.518389578875787,0.8551318125657852
1970/01/01/03:03:32.178000,5481,212,148000000,camera_link_optical,0.26521599292755127,-0.005010446533560753,4.5414719581604,0.0023274541587312058,-0.8515410494938114,0.003718735744322555,0.5242695823606225,0,212,159000000,camera_link_optical,0.2694381441490121,-0.0023130341595905546,4.540131563191043,0.5985114762682341,0.37377237912618394,-0.37030862576095275,0.6041107043122195,0,0,0,odom,0.26727477596975635,0.5489352862156328,0.252624184122359,-7.688945268583629e-12,-1.7770801982804598e-12,-2.3288884750055133e-09,1.0,0,0,0,odom,0.2678172037559631,0.5402272621695219,0.2523168232469972,-0.003959323836512899,0.002448717877228404,-0.5259929146410767,0.8504762085343132
1970/01/01/03:03:32.401000,5488,212,381000000,camera_link_optical,0.2746080756187439,-0.005019890144467354,4.546660900115967,0.002677767521414532,-0.8461367339672129,0.0037869223616503237,0.5329456972445001,0,212,363000000,camera_link_optical,0.2784857119386477,-0.0023093827569034553,4.545605298027654,0.5954503683273863,0.3787348740665048,-0.3752413920333153,0.6009930546433199,0,0,0,odom,0.276666858660949,0.5541242281711992,0.2526336277332656,-7.688945268583629e-12,-1.7770801982804598e-12,-2.3288884750055133e-09,1.0,0,0,0,odom,0.27686129425044165,0.5457047314414076,0.25230575072412953,-0.003920076328028796,0.0024693803086389765,-0.5329905572086161,0.8461085043237201
1970/01/01/03:03:32.640000,5495,212,614000000,camera_link_optical,0.28426632285118103,-0.005051682703197002,4.5525407791137695,0.0028453788236810925,-0.8413799791364989,0.0037749278905041313,0.5404233381776143,0,212,608000000,camera_link_optical,0.2882847967655226,-0.002297022065522708,4.551435320397538,0.5921277938477038,0.38402135526183834,-0.38050289768291057,0.5976033963347436,0,0,0,odom,0.2863251058933861,0.560004107169002,0.25266542029199524,-7.688945268583629e-12,-1.7770801982804598e-12,-2.3288884750055133e-09,1.0,0,0,0,odom,0.2866563965055887,0.5515380971989068,0.25229046975547076,-0.003872138206958426,0.002487267181087697,-0.5404497856732414,0.8413636842729924
1970/01/01/03:03:32.869000,5502,212,848000000,camera_link_optical,0.2940094769001007,-0.005052247550338507,4.560479640960693,0.002598733422339787,-0.8376302195956563,0.003268298119343057,0.5462217315634149,0,212,822000000,camera_link_optical,0.2977274474784124,-0.002283328896288378,4.556959750505836,0.5889188923404964,0.3890341607140409,-0.38549713821801596,0.5943222328566252,0,0,0,odom,0.2960682599423058,0.5679429690159258,0.25266598513913674,-7.688945268583629e-12,-1.7770801982804598e-12,-2.3288884750055133e-09,1.0,0,0,0,odom,0.29609548353423565,0.5570661188785648,0.25227285801054156,-0.0038212753336682214,0.0025003702962556615,-0.5475265065174456,0.8367758783951694
1970/01/01/03:03:33.103000,5509,213,81000000,camera_link_optical,0.30374428629875183,-0.005056371912360191,4.565208435058594,0.002783930683053663,-0.831764832738597,0.003333683123313723,0.5551111594141475,0,213,75000000,camera_link_optical,0.3075533473938403,-0.002253031414076817,4.562615032475955,0.585570328751722,0.3941696634510049,-0.39061902707667967,0.5908929193908065,0,0,0,odom,0.3058030693409569,0.5726717631138262,0.2526701095011584,-7.688945268583629e-12,-1.7770801982804598e-12,-2.3288884750055133e-09,1.0,0,0,0,odom,0.30591741279754797,0.5627250443858534,0.25225188104539414,-0.003764167777758831,0.002510005547287479,-0.5547802587377224,0.831984612494726
1970/01/01/03:03:33.341000,5516,213,314000000,camera_link_optical,0.31359121203422546,-0.005022729281336069,4.571202754974365,0.002846245775679785,-0.8276929070591096,0.003576678014570257,0.5611626839548445,0,213,308000000,camera_link_optical,0.31759157707776275,-0.002232579789695044,4.568077664556103,0.5821293588034121,0.3993438092503778,-0.3957759649266834,0.5873766400010122,0,0,0,odom,0.31564999507643055,0.5786660830295977,0.2526364668701343,-7.688945268583629e-12,-1.7770801982804598e-12,-2.3288884750055133e-09,1.0,0,0,0,odom,0.3159517292536858,0.5681913356247972,0.25223328908476234,-0.00371064745973528,0.0025220114543329595,-0.5620861571347482,0.8270665163764914
1970/01/01/03:03:33.568000,5523,213,548000000,camera_link_optical,0.32362768054008484,-0.004979163408279419,4.577882766723633,0.002705665311260022,-0.8224821150076705,0.0032067781665119292,0.5687754973990383,0,213,537000000,camera_link_optical,0.3272073439773713,-0.002212514926563769,4.573288875822818,0.5788238994221963,0.4042251267016729,-0.4006495679148338,0.5839904657872049,0,0,0,odom,0.3256864635822899,0.5853460947788652,0.25259290099707765,-7.688945268583629e-12,-1.7770801982804598e-12,-2.3288884750055133e-09,1.0,0,0,0,odom,0.32556420408402226,0.5734061853979733,0.2522116127146232,-0.0036540580159668094,0.0025279626436541967,-0.5689846161084692,0.8223361623428624
1970/01/01/03:03:33.774000,5529,213,748000000,camera_link_optical,0.3320713937282562,-0.004862412344664335,4.584902763366699,0.00248856202542459,-0.8185747936200275,0.0031035181491409197,0.5743861788762615,0,213,740000000,camera_link_optical,0.3360854933427258,-0.0021865584215970957,4.578162890506049,0.5757655979855936,0.40866792822757103,-0.40509194157070955,0.580848534033572,0,0,0,odom,0.3341301767704613,0.5923660914219316,0.25247614993346257,-7.688945268583629e-12,-1.7770801982804598e-12,-2.3288884750055133e-09,1.0,0,0,0,odom,0.3344385999672124,0.5782834461860942,0.2521872753478398,-0.0035943410957335765,0.0025276430343537776,-0.575268033721316,0.8179531655976333
1970/01/01/03:03:33.999000,5536,213,981000000,camera_link_optical,0.3425942659378052,-0.0048378463834524155,4.589447498321533,0.0028026924990610606,-0.8131418550367139,0.0035205893382563784,0.5820481715055195,0,213,975000000,camera_link_optical,0.3458044361575983,-0.0021619679191111907,4.583421386935672,0.5724046968504342,0.4134684658576583,-0.4098969595992505,0.5773916983090142,0,0,0,odom,0.34465304898001026,0.5969108263767656,0.25245158397225065,-7.688945268583629e-12,-1.7770801982804598e-12,-2.3288884750055133e-09,1.0,0,0,0,odom,0.3441541500149897,0.5835457379060772,0.2521593994948754,-0.0035271265013802336,0.0025248031688090687,-0.582060891921475,0.813133631602567
1970/01/01/03:03:34.204000,5542,214,181000000,camera_link_optical,0.35150066018104553,-0.004812770523130894,4.594946384429932,0.002584875438046245,-0.8089361912367758,0.0032702231187938164,0.5878816739506868,0,214,175000000,camera_link_optical,0.35472010793741643,-0.0021303452621543872,4.588176907644524,0.5693070956993689,0.4178172630160453,-0.4142526767563034,0.574206309014772,0,0,0,odom,0.3535594432232506,0.6024097124851641,0.2524265081119291,-7.688945268583629e-12,-1.7770801982804598e-12,-2.3288884750055133e-09,1.0,0,0,0,odom,0.3530663509302767,0.5883043291937491,0.25213275874833174,-0.00346439490550642,0.0025198892781272643,-0.588216576151657,0.8086920969481441
1970/01/01/03:03:34.443000,5549,214,414000000,camera_link_optical,0.36107268929481506,-0.004801456350833178,4.602240562438965,0.002526094482745041,-0.8041323450012815,0.0030959734384211172,0.5944368810209146,0,214,403000000,camera_link_optical,0.36513884306779537,-0.0021044082095992567,4.593652861771377,0.5656704090173399,0.42283598977365094,-0.4192825213440712,0.5704637424145823,0,0,0,odom,0.36313147233702014,0.6097038904941973,0.2524151939396314,-7.688945268583629e-12,-1.7770801982804598e-12,-2.3288884750055133e-09,1.0,0,0,0,odom,0.36348147916002005,0.59378450618603,0.2521007305219262,-0.003390200759464816,0.0025118590150941564,-0.5953227760846465,0.8034755686254366
1970/01/01/03:03:34.667000,5556,214,648000000,camera_link_optical,0.37214505672454834,-0.004830571822822094,4.606566905975342,0.0026141994246321057,-0.7984618951222335,0.0031985992516219974,0.6020311760714783,0,214,641000000,camera_link_optical,0.37505238850190076,-0.0020746172606134206,4.598784676483713,0.5621906600615995,0.4275503682359017,-0.4240104077942115,0.566884043207281,0,0,0,odom,0.3742038397667534,0.6140302340305742,0.2524443094116203,-7.688945268583629e-12,-1.7770801982804598e-12,-2.3288884750055133e-09,1.0,0,0,0,odom,0.3733913060117468,0.5989197477686816,0.2520698578404266,-0.003319000138058354,0.0025026046705317645,-0.6020002064613756,0.7984851110874942
1970/01/01/03:03:34.874000,5562,214,848000000,camera_link_optical,0.3810732960700989,-0.004869444295763969,4.611659049987793,0.0026539128455659563,-0.7940528971675191,0.0031556512105711254,0.6078346774509618,0,214,841000000,camera_link_optical,0.384220211382728,-0.0020526210001911294,4.6034562452849865,0.5589614656974516,0.43186134116035924,-0.4283264170844982,0.5635550925189914,0,0,0,odom,0.38313207911230396,0.6191223780430254,0.2524831818845622,-7.688945268583629e-12,-1.7770801982804598e-12,-2.3288884750055133e-09,1.0,0,0,0,odom,0.3825559383124337,0.603594956795503,0.2520449903063378,-0.0032488330490822986,0.002498887859004948,-0.6081011086454938,0.7938490047278567
1970/01/01/03:03:35.100000,5569,215,81000000,camera_link_optical,0.3906882703304291,-0.005355025175958872,4.631397247314453,0.005069781279524938,-0.7911125056582294,0.004080164247330412,0.6116360461652423,0,215,67000000,camera_link_optical,0.3942760136842297,-0.0020332378728751543,4.608496914511963,0.5554082814184919,0.4365383821686303,-0.43299678366976185,0.5598836192968981,0,0,0,odom,0.39274705337263416,0.6388605753696855,0.2529687627647571,-7.688945268583629e-12,-1.7770801982804598e-12,-2.3288884750055133e-09,1.0,0,0,0,odom,0.3926081326387666,0.608639264386522,0.25202417969439544,-0.0031649061833022166,0.0025037210830523558,-0.6147114982239625,0.788741712286627
1970/01/01/03:03:35.305000,5575,215,281000000,camera_link_optical,0.40006664395332336,-0.005763333290815353,4.645122051239014,0.006322991364730152,-0.7876593675242466,0.003940370918605136,0.6160659169346483,0,215,271000000,camera_link_optical,0.403436123415085,-0.0020217299080965145,4.61301406375986,0.5521611672457649,0.4407544962403865,-0.4371951901071201,0.5565194382740611,0,0,0,odom,0.40212542699552845,0.6525853792942461,0.2533770708796136,-7.688945268583629e-12,-1.7770801982804598e-12,-2.3288884750055133e-09,1.0,0,0,0,odom,0.40176507383409416,0.6131599407597552,0.2520112401837336,-0.0030823074385466754,0.0025162451740024256,-0.6206621740375909,0.7840680031795774
1970/01/01/03:03:35.535000,5582,215,514000000,camera_link_optical,0.4109548330307007,-0.005723885260522366,4.645944118499756,0.006248431590792879,-0.7811916354877794,0.003679853604041863,0.6242491845601696,0,215,508000000,camera_link_optical,0.4137088673435795,-0.002007179656569047,4.61799755170294,0.5485063232309625,0.4454346904708573,-0.44184249867147085,0.5527241231107376,0,0,0,odom,0.41301361607290576,0.6534074465549883,0.2533376228493206,-7.688945268583629e-12,-1.7770801982804598e-12,-2.3288884750055133e-09,1.0,0,0,0,odom,0.41203414076908024,0.6181472896222554,0.25200370543697226,-0.002982924409028106,0.002539520302875763,-0.6272585122227636,0.7788012659483077
1970/01/01/03:03:35.801000,5588,215,781000000,camera_link_optical,0.42444807291030884,-0.006553209852427244,4.675362586975098,0.00788967936550082,-0.7772770749719552,0.0021569428511235976,0.6291052767860782,0,215,775000000,camera_link_optical,0.42573828423198595,-0.0020001471937285964,4.623648132288961,0.5441985245554134,0.45085449920359283,-0.4472138683209963,0.5482498904705398,0,0,0,odom,0.4265068559525139,0.6828259150303301,0.2541669474412255,-7.688945268583629e-12,-1.7770801982804598e-12,-2.3288884750055133e-09,1.0,0,0,0,odom,0.42405921072449737,0.6238023824608444,0.25200093982086896,-0.0028649230104977655,0.002573531802739123,-0.6348899796249589,0.7725929606992442
1970/01/01/03:03:36.006000,5593,215,981000000,camera_link_optical,0.43537816405296326,-0.004852710757404566,4.652892112731934,-0.001773986538229213,-0.7635455091541201,-0.003381430208522365,0.6457427307775774,0,215,975000000,camera_link_optical,0.4350118393170983,-0.002000643158393517,4.627792509229726,0.5408478869807095,0.454989852372837,-0.45131392709860646,0.5447784288984645,0,0,0,odom,0.43743694709516834,0.660355440787166,0.2524664483462028,-7.688945268583629e-12,-1.7770801982804598e-12,-2.3288884750055133e-09,1.0,0,0,0,odom,0.4333300812523403,0.6279503325772614,0.2519996980819743,-0.0027800617381008664,0.002599003855921359,-0.6407140400378684,0.7677701709066601
1970/01/01/03:03:36.235000,5599,216,214000000,camera_link_optical,0.4493374824523926,-0.005250063259154558,4.677604675292969,-0.004384388500009115,-0.7627226662625476,-0.0034139377095134503,0.6467018296990872,0,216,188000000,camera_link_optical,0.44540761325883715,-0.00199827641196354,4.6322208687926025,0.5370591376529251,0.4595836624663821,-0.45586775752298864,0.5408649808486816,0,0,0,odom,0.45139626549459766,0.6850680033482012,0.2528638008479528,-7.688945268583629e-12,-1.7770801982804598e-12,-2.3288884750055133e-09,1.0,0,0,0,odom,0.44372218613981323,0.6323825695535397,0.25199909264642467,-0.0026912958963130032,0.002626764894673985,-0.6471832532658707,0.76232518896124
